<?xml version="1.0" encoding="UTF-8"?>
<project-private xmlns="http://www.netbeans.org/ns/project-private/1">
    <editor-bookmarks xmlns="http://www.netbeans.org/ns/editor-bookmarks/2" lastBookmarkId="0"/>
    <open-files xmlns="http://www.netbeans.org/ns/projectui-open-files/2">
        <group>
            <file>file:/C:/Users/isabe/Documents/NetBeansProjects/Book%20Store/web/index.html</file>
            <file>file:/C:/Users/isabe/Documents/NetBeansProjects/Book%20Store/src/java/AddBookServlet.java</file>
            <file>file:/C:/Users/isabe/Documents/NetBeansProjects/Book%20Store/web/Romance.jsp</file>
            <file>file:/C:/Users/isabe/Documents/NetBeansProjects/Book%20Store/src/java/con/DBAccess.java</file>
            <file>file:/C:/Users/isabe/Documents/NetBeansProjects/Book%20Store/web/Home.jsp</file>
            <file>file:/C:/Users/isabe/Documents/NetBeansProjects/Book%20Store/src/java/LoginServlet.java</file>
            <file>file:/C:/Users/isabe/Documents/NetBeansProjects/Book%20Store/web/Mystery.jsp</file>
            <file>file:/C:/Users/isabe/Documents/NetBeansProjects/Book%20Store/src/java/RegisterServlet.java</file>
            <file>file:/C:/Users/isabe/Documents/NetBeansProjects/Book%20Store/src/java/con/Book.java</file>
            <file>file:/C:/Users/isabe/Documents/NetBeansProjects/Book%20Store/web/Fantasy.jsp</file>
            <file>file:/C:/Users/isabe/Documents/NetBeansProjects/Book%20Store/src/java/AddToCartServlet.java</file>
            <file>file:/C:/Users/isabe/Documents/NetBeansProjects/Book%20Store/web/admin.jsp</file>
            <file>file:/C:/Users/isabe/Documents/NetBeansProjects/Book%20Store/web/ShoppingCart.jsp</file>
            <file>file:/C:/Users/isabe/Documents/NetBeansProjects/Book%20Store/web/styles.css</file>
            <file>file:/C:/Users/isabe/Documents/NetBeansProjects/Book%20Store/web/Categories.jsp</file>
        </group>
    </open-files>
</project-private>
